GLOBALEVENTID,SQLDATE,MonthYear,Year,FractionDate,Actor1Code,Actor1Name,Actor1CountryCode,Actor1KnownGroupCode,Actor1EthnicCode,Actor1Religion1Code,Actor1Religion2Code,Actor1Type1Code,Actor1Type2Code,Actor1Type3Code,Actor2Code,Actor2Name,Actor2CountryCode,Actor2KnownGroupCode,Actor2EthnicCode,Actor2Religion1Code,Actor2Religion2Code,Actor2Type1Code,Actor2Type2Code,Actor2Type3Code,IsRootEvent,EventCode,EventBaseCode,EventRootCode,QuadClass,GoldsteinScale,NumMentions,NumSources,NumArticles,AvgTone,Actor1Geo_Type,Actor1Geo_FullName,Actor1Geo_CountryCode,Actor1Geo_ADM1Code,Actor1Geo_ADM2Code,Actor1Geo_Lat,Actor1Geo_Long,Actor1Geo_FeatureID,Actor2Geo_Type,Actor2Geo_FullName,Actor2Geo_CountryCode,Actor2Geo_ADM1Code,Actor2Geo_ADM2Code,Actor2Geo_Lat,Actor2Geo_Long,Actor2Geo_FeatureID,ActionGeo_Type,ActionGeo_FullName,ActionGeo_CountryCode,ActionGeo_ADM1Code,ActionGeo_ADM2Code,ActionGeo_Lat,ActionGeo_Long,ActionGeo_FeatureID,DATEADDED,SOURCEURL,date,mois,semaine,categorie,ton_label,QuadClass_label
1218419766,20250101,202501,2025,2025.0027,BEN,BENIN,BEN,,,,,,,,NERGOV,NIGER,NER,,,,,GOV,,,1,40,40,4,1,1.0,2,1,2,-4.59770114942529,1,Benin,BN,BN,,9.5,2.25,BN,1,Niger,NG,NG,,16.0,8.0,NG,1,Benin,BN,BN,,9.5,2.25,BN,20250101120000,https://guardian.ng/news/benin-republic-protests-nigers-claim-of-backing-terrorists-summons-diplomat/,2025-01-01,2025-01,1,Autre,Négatif,Coopération verbale
1218419967,20250101,202501,2025,2025.0027,GOV,DIPLOMAT,,,,,,GOV,,,BEN,BENINESE,BEN,,,,,,,,1,40,40,4,1,1.0,2,1,2,-4.59770114942529,1,Benin,BN,BN,,9.5,2.25,BN,1,Benin,BN,BN,,9.5,2.25,BN,1,Benin,BN,BN,,9.5,2.25,BN,20250101120000,https://guardian.ng/news/benin-republic-protests-nigers-claim-of-backing-terrorists-summons-diplomat/,2025-01-01,2025-01,1,Autre,Négatif,Coopération verbale
1218419971,20250101,202501,2025,2025.0027,GOV,DIPLOMAT,,,,,,GOV,,,BENGOV,BENINESE,BEN,,,,,GOV,,,1,40,40,4,1,1.0,6,1,6,-4.59770114942529,1,Benin,BN,BN,,9.5,2.25,BN,1,Benin,BN,BN,,9.5,2.25,BN,1,Benin,BN,BN,,9.5,2.25,BN,20250101120000,https://guardian.ng/news/benin-republic-protests-nigers-claim-of-backing-terrorists-summons-diplomat/,2025-01-01,2025-01,1,Autre,Négatif,Coopération verbale
1221176618,20250117,202501,2025,2025.0466,BEN,BENIN,BEN,,,,,,,,NGA,BENIN CITY,NGA,,,,,,,,1,10,10,1,1,0.0,4,1,4,2.2038567493113,1,Benin,BN,BN,,9.5,2.25,BN,1,Benin,BN,BN,,9.5,2.25,BN,1,Benin,BN,BN,,9.5,2.25,BN,20250117120000,https://dailypost.ng/2025/01/17/gov-okpebholo-recruits-360-cleaners-into-edo-civil-service/,2025-01-17,2025-01,3,Autre,Positif,Coopération verbale
1224508698,20250204,202502,2025,2025.0932,BEN,COTONOU,BEN,,,,,,,,CIV,ABIDJAN,CIV,,,,,,,,1,42,42,4,1,1.9,10,1,10,6.38020833333333,1,Benin,BN,BN,,9.5,2.25,BN,4,"Abidjan, Lagunes, Cote D'ivoire",IV,IV82,16863,5.34111,-4.02806,-2115275,1,Benin,BN,BN,,9.5,2.25,BN,20250204120000,https://allafrica.com/stories/202502040122.html,2025-02-04,2025-02,6,Autre,Très positif,Coopération verbale
1225628556,20250210,202502,2025,2025.1096,,,,,,,,,,,BEN,BENIN,BEN,,,,,,,,0,42,42,4,1,1.9,2,1,2,-5.5,0,,,,,,,,1,Benin,BN,BN,,9.5,2.25,BN,1,Benin,BN,BN,,9.5,2.25,BN,20250210120000,https://www.informationng.com/2025/02/edo-police-rescue-abducted-victim.html,2025-02-10,2025-02,7,Autre,Très négatif,Coopération verbale
1225628581,20250210,202502,2025,2025.1096,,,,,,,,,,,COP,POLICE,,,,,,COP,,,0,112,112,11,3,-2.0,2,1,2,-5.5,0,,,,,,,,1,Benin,BN,BN,,9.5,2.25,BN,1,Benin,BN,BN,,9.5,2.25,BN,20250210120000,https://www.informationng.com/2025/02/edo-police-rescue-abducted-victim.html,2025-02-10,2025-02,7,Désapprobation,Très négatif,Conflit verbal
1225628621,20250210,202502,2025,2025.1096,,,,,,,,,,,IGOWAFBUSWAS,ECOWAS,WAF,WAS,,,,IGO,BUS,,1,40,40,4,1,1.0,5,1,5,3.94431554524361,0,,,,,,,,1,Benin,BN,BN,,9.5,2.25,BN,1,Benin,BN,BN,,9.5,2.25,BN,20250210120000,https://www.opportunitiesforafricans.com/ecowas-african-forum-on-research-and-innovation-fari-startup-competition-2025/,2025-02-10,2025-02,7,Autre,Positif,Coopération verbale
1225628721,20250210,202502,2025,2025.1096,BEN,BENIN,BEN,,,,,,,,,,,,,,,,,,0,43,43,4,1,2.8,2,1,2,-5.5,1,Benin,BN,BN,,9.5,2.25,BN,0,,,,,,,,1,Benin,BN,BN,,9.5,2.25,BN,20250210120000,https://www.informationng.com/2025/02/edo-police-rescue-abducted-victim.html,2025-02-10,2025-02,7,Autre,Très négatif,Coopération verbale
1225628722,20250210,202502,2025,2025.1096,BEN,BENIN,BEN,,,,,,,,COP,POLICE,,,,,,COP,,,0,112,112,11,3,-2.0,2,1,2,-5.5,1,Benin,BN,BN,,9.5,2.25,BN,1,Benin,BN,BN,,9.5,2.25,BN,1,Benin,BN,BN,,9.5,2.25,BN,20250210120000,https://www.informationng.com/2025/02/edo-police-rescue-abducted-victim.html,2025-02-10,2025-02,7,Désapprobation,Très négatif,Conflit verbal
1225629222,20250210,202502,2025,2025.1096,IGOWAFBUSWAS,ECOWAS,WAF,WAS,,,,IGO,BUS,,,,,,,,,,,,1,40,40,4,1,1.0,5,1,5,3.94431554524361,1,Benin,BN,BN,,9.5,2.25,BN,0,,,,,,,,1,Benin,BN,BN,,9.5,2.25,BN,20250210120000,https://www.opportunitiesforafricans.com/ecowas-african-forum-on-research-and-innovation-fari-startup-competition-2025/,2025-02-10,2025-02,7,Autre,Positif,Coopération verbale
1226718988,20250215,202502,2025,2025.1233,,,,,,,,,,,COP,POLICE OFFICER,,,,,,COP,,,0,841,84,8,2,7.0,10,1,10,-3.79403794037941,0,,,,,,,,1,Benin,BN,BN,,9.5,2.25,BN,1,Benin,BN,BN,,9.5,2.25,BN,20250215120000,https://dailypost.ng/2025/02/15/edo-security-corps-arrests-18-suspected-kidnappers-recovers-38-guns/,2025-02-15,2025-02,7,Autre,Négatif,Coopération matérielle
1226718990,20250215,202502,2025,2025.1233,,,,,,,,,,,CRM,KIDNAPPER,,,,,,CRM,,,1,173,173,17,4,-5.0,10,1,10,-3.79403794037941,0,,,,,,,,1,Benin,BN,BN,,9.5,2.25,BN,1,Benin,BN,BN,,9.5,2.25,BN,20250215120000,https://dailypost.ng/2025/02/15/edo-security-corps-arrests-18-suspected-kidnappers-recovers-38-guns/,2025-02-15,2025-02,7,Violence,Négatif,Conflit matériel
1226719428,20250215,202502,2025,2025.1233,MIL,COMMANDANT,,,,,,MIL,,,NGA,BENIN CITY,NGA,,,,,,,,1,10,10,1,1,0.0,5,1,5,-3.79403794037941,1,Benin,BN,BN,,9.5,2.25,BN,1,Benin,BN,BN,,9.5,2.25,BN,1,Benin,BN,BN,,9.5,2.25,BN,20250215120000,https://dailypost.ng/2025/02/15/edo-security-corps-arrests-18-suspected-kidnappers-recovers-38-guns/,2025-02-15,2025-02,7,Autre,Négatif,Coopération verbale
1227480100,20250219,202502,2025,2025.1342,BEN,BENIN,BEN,,,,,,,,,,,,,,,,,,1,20,20,2,1,3.0,4,1,4,1.75438596491228,1,Benin,BN,BN,,9.5,2.25,BN,0,,,,,,,,1,Benin,BN,BN,,9.5,2.25,BN,20250219120000,https://www.thetidenewsonline.com/2025/02/19/okpebholos-aides-lead-cancer-awareness-walk-in-benin-offers-free-screening/,2025-02-19,2025-02,8,Autre,Positif,Coopération verbale
1227480101,20250219,202502,2025,2025.1342,BEN,BENIN,BEN,,,,,,,,,,,,,,,,,,1,51,51,5,1,3.4,4,1,4,1.75438596491228,1,Benin,BN,BN,,9.5,2.25,BN,0,,,,,,,,1,Benin,BN,BN,,9.5,2.25,BN,20250219120000,https://www.thetidenewsonline.com/2025/02/19/okpebholos-aides-lead-cancer-awareness-walk-in-benin-offers-free-screening/,2025-02-19,2025-02,8,Autre,Positif,Coopération verbale
1227480102,20250219,202502,2025,2025.1342,BEN,BENIN,BEN,,,,,,,,BENEDU,BENIN,BEN,,,,,EDU,,,0,190,190,19,4,-10.0,1,1,1,-7.49185667752439,1,Benin,BN,BN,,9.5,2.25,BN,1,Benin,BN,BN,,9.5,2.25,BN,1,Benin,BN,BN,,9.5,2.25,BN,20250219120000,https://www.thisdaylive.com/index.php/2025/02/19/house-calls-for-special-court-divisions-to-handle-homicide-femicide-cases/,2025-02-19,2025-02,8,Violence de masse,Très négatif,Conflit matériel
1228398885,20250224,202502,2025,2025.1479,MIL,ARMY,,,,,,MIL,,,,,,,,,,,,,0,15,15,1,1,0.0,6,1,6,-2.26130653266332,1,Benin,BN,BN,,9.5,2.25,BN,0,,,,,,,,1,Benin,BN,BN,,9.5,2.25,BN,20250224120000,https://www.premiumtimesng.com/regional/nwest/776466-niger-junta-arrests-leader-of-group-fighting-to-reinstate-ousted-president-bazoum.html,2025-02-24,2025-02,9,Autre,Négatif,Coopération verbale
1228398887,20250224,202502,2025,2025.1479,MIL,ARMY,,,,,,MIL,,,,,,,,,,,,,0,190,190,19,4,-10.0,6,1,6,-2.26130653266332,1,Benin,BN,BN,,9.5,2.25,BN,0,,,,,,,,1,Benin,BN,BN,,9.5,2.25,BN,20250224120000,https://www.premiumtimesng.com/regional/nwest/776466-niger-junta-arrests-leader-of-group-fighting-to-reinstate-ousted-president-bazoum.html,2025-02-24,2025-02,9,Violence de masse,Négatif,Conflit matériel
1230243123,20250305,202503,2025,2025.1781,AFR,AFRICA,AFR,,,,,,,,IGOWAFWAS,ECONOMIC COMMUNITY OF WEST AFRICAN STATES,WAF,WAS,,,,IGO,,,1,84,84,8,2,7.0,10,1,10,0.18587360594796,4,"Parakou, Borgou, Benin",BN,BN10,5891,9.33716,2.63031,-1335608,4,"Parakou, Borgou, Benin",BN,BN10,5891,9.33716,2.63031,-1335608,4,"Parakou, Borgou, Benin",BN,BN10,5891,9.33716,2.63031,-1335608,20250305120000,https://www.africa-newsroom.com/press/economic-community-of-west-african-states-ecowas-representation-in-benin-organizes-a-conferencedebate-at-the-university-of-parakou-to-mark-50-years-of-ecowas,2025-03-05,2025-03,10,Autre,Neutre,Coopération matérielle
1230243649,20250305,202503,2025,2025.1781,IGOWAFBUSWAS,ECOWAS,WAF,WAS,,,,IGO,BUS,,,,,,,,,,,,0,120,120,12,3,-4.0,8,1,8,0.18587360594796,4,"Parakou, Borgou, Benin",BN,BN10,5891,9.33716,2.63031,-1335608,0,,,,,,,,4,"Parakou, Borgou, Benin",BN,BN10,5891,9.33716,2.63031,-1335608,20250305120000,https://www.africa-newsroom.com/press/economic-community-of-west-african-states-ecowas-representation-in-benin-organizes-a-conferencedebate-at-the-university-of-parakou-to-mark-50-years-of-ecowas,2025-03-05,2025-03,10,Rejet,Neutre,Conflit verbal
1230243650,20250305,202503,2025,2025.1781,IGOWAFBUSWAS,ECOWAS,WAF,WAS,,,,IGO,BUS,,BEN,BENIN,BEN,,,,,,,,0,120,120,12,3,-4.0,2,1,2,0.18587360594796,4,"Parakou, Borgou, Benin",BN,BN10,5891,9.33716,2.63031,-1335608,4,"Parakou, Borgou, Benin",BN,BN10,5891,9.33716,2.63031,-1335608,4,"Parakou, Borgou, Benin",BN,BN10,5891,9.33716,2.63031,-1335608,20250305120000,https://www.africa-newsroom.com/press/economic-community-of-west-african-states-ecowas-representation-in-benin-organizes-a-conferencedebate-at-the-university-of-parakou-to-mark-50-years-of-ecowas,2025-03-05,2025-03,10,Rejet,Neutre,Conflit verbal
1230243651,20250305,202503,2025,2025.1781,IGOWAFBUSWAS,ECOWAS,WAF,WAS,,,,IGO,BUS,,GOV,AMBASSADOR,,,,,,GOV,,,1,45,45,4,1,5.0,5,1,5,0.18587360594796,4,"Parakou, Borgou, Benin",BN,BN10,5891,9.33716,2.63031,-1335608,4,"Parakou, Borgou, Benin",BN,BN10,5891,9.33716,2.63031,-1335608,4,"Parakou, Borgou, Benin",BN,BN10,5891,9.33716,2.63031,-1335608,20250305120000,https://www.africa-newsroom.com/press/economic-community-of-west-african-states-ecowas-representation-in-benin-organizes-a-conferencedebate-at-the-university-of-parakou-to-mark-50-years-of-ecowas,2025-03-05,2025-03,10,Autre,Neutre,Coopération verbale
1230702365,20250307,202503,2025,2025.1836,COP,POLICE,,,,,,COP,,,,,,,,,,,,,1,173,173,17,4,-5.0,7,1,7,-8.3018867924528,1,Benin,BN,BN,,9.5,2.25,BN,0,,,,,,,,1,Benin,BN,BN,,9.5,2.25,BN,20250307120000,https://thestreetjournal.org/edo-police-arrest-8-people-for-murdering-disabled-site-engineer/,2025-03-07,2025-03,10,Violence,Très négatif,Conflit matériel
1231859553,20250313,202503,2025,2025.2,CVL,CITIZEN,,,,,,CVL,,,GOV,GOVERNOR,,,,,,GOV,,,0,12,12,1,1,-0.4,5,1,5,-9.52380952380952,1,Benin,BN,BN,,9.5,2.25,BN,1,Benin,BN,BN,,9.5,2.25,BN,1,Benin,BN,BN,,9.5,2.25,BN,20250313120000,https://www.peoplesdailyng.com/tragedy-in-edo-as-two-year-old-girl-killed-in-benin-after-clash-between-revenue-enforcers-and-bus-driver/,2025-03-13,2025-03,11,Autre,Très négatif,Coopération verbale
1231859557,20250313,202503,2025,2025.2,CVL,CITIZEN,,,,,,CVL,,,GOV,GOVERNOR,,,,,,GOV,,,0,160,160,16,4,-4.0,5,1,5,-9.52380952380952,1,Benin,BN,BN,,9.5,2.25,BN,1,Benin,BN,BN,,9.5,2.25,BN,1,Benin,BN,BN,,9.5,2.25,BN,20250313120000,https://www.peoplesdailyng.com/tragedy-in-edo-as-two-year-old-girl-killed-in-benin-after-clash-between-revenue-enforcers-and-bus-driver/,2025-03-13,2025-03,11,Attaque militaire,Très négatif,Conflit matériel
1231859796,20250313,202503,2025,2025.2,GOV,GOVERNMENT,,,,,,GOV,,,,,,,,,,,,,0,80,80,8,2,5.0,5,1,5,-9.52380952380952,1,Benin,BN,BN,,9.5,2.25,BN,0,,,,,,,,1,Benin,BN,BN,,9.5,2.25,BN,20250313120000,https://www.peoplesdailyng.com/tragedy-in-edo-as-two-year-old-girl-killed-in-benin-after-clash-between-revenue-enforcers-and-bus-driver/,2025-03-13,2025-03,11,Autre,Très négatif,Coopération matérielle
1233023142,20250319,202503,2025,2025.2164,TCD,CHAD,TCD,,,,,,,,BEN,BENIN,BEN,,,,,,,,1,190,190,19,4,-10.0,5,1,5,-6.02910602910603,4,"Ndjamena, (CD04), Chad",CD,CD04,12482,12.1085,15.0482,-1101785,1,Benin,BN,BN,,9.5,2.25,BN,1,Benin,BN,BN,,9.5,2.25,BN,20250319120000,https://www.defenceweb.co.za/african-news/decades-of-security-cooperation-under-threat-in-lake-chad-basin/,2025-03-19,2025-03,12,Violence de masse,Très négatif,Conflit matériel
1236124449,20250404,202504,2025,2025.2575,BENLEG,BENIN,BEN,,,,,LEG,,,,,,,,,,,,,1,10,10,1,1,0.0,2,1,2,12.4444444444444,1,Benin,BN,BN,,9.5,2.25,BN,0,,,,,,,,1,Benin,BN,BN,,9.5,2.25,BN,20250404120000,https://nigerianobservernews.com/2025/04/gov-okpebholo-celebrates-oshiomhole-on-birthday-hails-his-legacy/,2025-04-04,2025-04,14,Autre,Très positif,Coopération verbale
1236124825,20250404,202504,2025,2025.2575,GOV,MINIST,,,,,,GOV,,,,,,,,,,,,,1,120,120,12,3,-4.0,10,1,10,-0.83682008368201,1,Benin,BN,BN,,9.5,2.25,BN,0,,,,,,,,1,Benin,BN,BN,,9.5,2.25,BN,20250404120000,https://www.myjoyonline.com/foreign-minister-vows-to-revamp-abandoned-state-properties-in-benin/,2025-04-04,2025-04,14,Rejet,Neutre,Conflit verbal
1236124854,20250404,202504,2025,2025.2575,GOV,MINIST FOR FOREIGN,,,,,,GOV,,,GHA,GHANA,GHA,,,,,,,,1,51,51,5,1,3.4,10,1,10,-0.83682008368201,1,Benin,BN,BN,,9.5,2.25,BN,1,Benin,BN,BN,,9.5,2.25,BN,1,Benin,BN,BN,,9.5,2.25,BN,20250404120000,https://www.myjoyonline.com/foreign-minister-vows-to-revamp-abandoned-state-properties-in-benin/,2025-04-04,2025-04,14,Autre,Neutre,Coopération verbale
1236125177,20250404,202504,2025,2025.2575,LEG,SENATOR,,,,,,LEG,,,,,,,,,,,,,1,10,10,1,1,0.0,6,1,6,12.4444444444444,1,Benin,BN,BN,,9.5,2.25,BN,0,,,,,,,,1,Benin,BN,BN,,9.5,2.25,BN,20250404120000,https://nigerianobservernews.com/2025/04/gov-okpebholo-celebrates-oshiomhole-on-birthday-hails-his-legacy/,2025-04-04,2025-04,14,Autre,Très positif,Coopération verbale
1236125188,20250404,202504,2025,2025.2575,LEG,SENATOR,,,,,,LEG,,,BEN,BENIN,BEN,,,,,,,,1,10,10,1,1,0.0,2,1,2,12.4444444444444,1,Benin,BN,BN,,9.5,2.25,BN,1,Benin,BN,BN,,9.5,2.25,BN,1,Benin,BN,BN,,9.5,2.25,BN,20250404120000,https://nigerianobservernews.com/2025/04/gov-okpebholo-celebrates-oshiomhole-on-birthday-hails-his-legacy/,2025-04-04,2025-04,14,Autre,Très positif,Coopération verbale
1237216198,20250410,202504,2025,2025.274,,,,,,,,,,,BEN,BENIN,BEN,,,,,,,,1,51,51,5,1,3.4,4,1,4,5.03597122302158,0,,,,,,,,1,Benin,BN,BN,,9.5,2.25,BN,1,Benin,BN,BN,,9.5,2.25,BN,20250410120000,https://promptnewsonline.com/okpebholo-launches-support-for-tinubus-2027-re-election/,2025-04-10,2025-04,15,Autre,Très positif,Coopération verbale
1237432501,20250411,202504,2025,2025.2767,,,,,,,,,,,GOV,GOVERNANCE,,,,,,GOV,,,0,42,42,4,1,1.9,6,1,6,2.34741784037559,0,,,,,,,,1,Cape Verde,CV,CV,,16.0,-24.0,CV,1,Benin,BN,BN,,9.5,2.25,BN,20250411120000,https://www.nationalaccordnewspaper.com/ill-soon-leave-office-as-inec-chairman-prof-yakubu-confirms/,2025-04-11,2025-04,15,Autre,Positif,Coopération verbale
1237433054,20250411,202504,2025,2025.2767,GOV,GOVERNANCE,,,,,,GOV,,,,,,,,,,,,,0,43,43,4,1,2.8,6,1,6,2.34741784037559,1,Benin,BN,BN,,9.5,2.25,BN,0,,,,,,,,1,Benin,BN,BN,,9.5,2.25,BN,20250411120000,https://www.nationalaccordnewspaper.com/ill-soon-leave-office-as-inec-chairman-prof-yakubu-confirms/,2025-04-11,2025-04,15,Autre,Positif,Coopération verbale
1237433693,20250411,202504,2025,2025.2767,NGA,NIGERIA,NGA,,,,,,,,LEG,GENERAL ASSEMBLY,,,,,,LEG,,,1,10,10,1,1,0.0,2,1,2,2.34741784037559,1,Benin,BN,BN,,9.5,2.25,BN,1,Cape Verde,CV,CV,,16.0,-24.0,CV,1,Benin,BN,BN,,9.5,2.25,BN,20250411120000,https://www.nationalaccordnewspaper.com/ill-soon-leave-office-as-inec-chairman-prof-yakubu-confirms/,2025-04-11,2025-04,15,Autre,Positif,Coopération verbale
1238090069,20250415,202504,2025,2025.2877,BEN,BENIN,BEN,,,,,,,,,,,,,,,,,,1,32,32,3,1,4.5,4,1,4,2.71317829457364,1,Benin,BN,BN,,9.5,2.25,BN,0,,,,,,,,1,Benin,BN,BN,,9.5,2.25,BN,20250415120000,https://punchng.com/grassroots-development-key-to-okpebholo-govt-edo-deputy-gov/,2025-04-15,2025-04,16,Autre,Positif,Coopération verbale
1238090070,20250415,202504,2025,2025.2877,BEN,BENIN,BEN,,,,,,,,GOV,GOVERNMENT,,,,,,GOV,,,1,43,43,4,1,2.8,4,1,4,2.71317829457364,1,Benin,BN,BN,,9.5,2.25,BN,1,Benin,BN,BN,,9.5,2.25,BN,1,Benin,BN,BN,,9.5,2.25,BN,20250415120000,https://punchng.com/grassroots-development-key-to-okpebholo-govt-edo-deputy-gov/,2025-04-15,2025-04,16,Autre,Positif,Coopération verbale
1238090303,20250415,202504,2025,2025.2877,COPGOV,DEPUTY,,,,,,COP,GOV,,GOV,GOVERNMENT,,,,,,GOV,,,1,43,43,4,1,2.8,6,1,6,2.71317829457364,1,Benin,BN,BN,,9.5,2.25,BN,1,Benin,BN,BN,,9.5,2.25,BN,1,Benin,BN,BN,,9.5,2.25,BN,20250415120000,https://punchng.com/grassroots-development-key-to-okpebholo-govt-edo-deputy-gov/,2025-04-15,2025-04,16,Autre,Positif,Coopération verbale
1238090572,20250415,202504,2025,2025.2877,GOV,GOVERNMENT,,,,,,GOV,,,BEN,BENIN,BEN,,,,,,,,1,42,42,4,1,1.9,4,1,4,2.71317829457364,1,Benin,BN,BN,,9.5,2.25,BN,1,Benin,BN,BN,,9.5,2.25,BN,1,Benin,BN,BN,,9.5,2.25,BN,20250415120000,https://punchng.com/grassroots-development-key-to-okpebholo-govt-edo-deputy-gov/,2025-04-15,2025-04,16,Autre,Positif,Coopération verbale
1238090592,20250415,202504,2025,2025.2877,GOV,GOVERNMENT,,,,,,GOV,,,COPGOV,DEPUTY,,,,,,COP,GOV,,1,42,42,4,1,1.9,6,1,6,2.71317829457364,1,Benin,BN,BN,,9.5,2.25,BN,1,Benin,BN,BN,,9.5,2.25,BN,1,Benin,BN,BN,,9.5,2.25,BN,20250415120000,https://punchng.com/grassroots-development-key-to-okpebholo-govt-edo-deputy-gov/,2025-04-15,2025-04,16,Autre,Positif,Coopération verbale
1238739491,20250418,202504,2025,2025.2959,,,,,,,,,,,BEN,BENIN,BEN,,,,,,,,0,100,100,10,3,-5.0,4,1,4,1.89359783588819,0,,,,,,,,1,Benin,BN,BN,,9.5,2.25,BN,1,Benin,BN,BN,,9.5,2.25,BN,20250418120000,https://www.tell.ng/orbih-takes-up-gauntlet-to-reposition-edo-pdp-donates-new-party-secretariat-as-gulf-widens/,2025-04-18,2025-04,16,Demandes,Positif,Conflit verbal
1238739558,20250418,202504,2025,2025.2959,,,,,,,,,,,PTY,POLITICAL PARTY,,,,,,,,,0,20,20,2,1,3.0,1,1,1,1.89359783588819,0,,,,,,,,1,Benin,BN,BN,,9.5,2.25,BN,1,Benin,BN,BN,,9.5,2.25,BN,20250418120000,https://www.tell.ng/orbih-takes-up-gauntlet-to-reposition-edo-pdp-donates-new-party-secretariat-as-gulf-widens/,2025-04-18,2025-04,16,Autre,Positif,Coopération verbale
1238740001,20250418,202504,2025,2025.2959,ISR,ISRAEL,ISR,,,,,,,,,,,,,,,,,,0,40,40,4,1,1.0,3,1,3,1.89359783588819,1,Benin,BN,BN,,9.5,2.25,BN,0,,,,,,,,1,Benin,BN,BN,,9.5,2.25,BN,20250418120000,https://www.tell.ng/orbih-takes-up-gauntlet-to-reposition-edo-pdp-donates-new-party-secretariat-as-gulf-widens/,2025-04-18,2025-04,16,Autre,Positif,Coopération verbale
1239868278,20250424,202504,2025,2025.3123,BEN,BENIN,BEN,,,,,,,,,,,,,,,,,,1,10,10,1,1,0.0,10,1,10,-7.61421319796954,1,Benin,BN,BN,,9.5,2.25,BN,0,,,,,,,,1,Benin,BN,BN,,9.5,2.25,BN,20250424120000,https://www.wionews.com/world/benin-confirms-54-soldiers-killed-in-the-deadly-jihadist-attack-8997054,2025-04-24,2025-04,17,Autre,Très négatif,Coopération verbale
1240596333,20250428,202504,2025,2025.3233,NGACOP,BENIN CITY,NGA,,,,,COP,,,NGA,NIGERIAN,NGA,,,,,,,,0,13,13,1,1,0.4,10,1,10,-6.31163708086785,1,Benin,BN,BN,,9.5,2.25,BN,4,"Kpai, Kogi, Nigeria",NI,NI41,22902,7.7357,6.7974,-2015992,1,Benin,BN,BN,,9.5,2.25,BN,20250428120000,https://saharareporters.com/2025/04/28/police-officers-threaten-shoot-assault-nigerian-man-foreign-woman-edo,2025-04-28,2025-04,18,Autre,Très négatif,Coopération verbale
